{"cameraMode":{"drawMode":0,"name":"Shaded","section":"Shading Mode"},"sceneLighting":true,"audioPlay":false,"sceneViewState":{"showFog":true,"showMaterialUpdate":false,"showSkybox":true,"showFlares":true,"showImageEffects":true,"showParticleSystems":true},"in2DMode":false,"pivot":{"x":22.4822998046875,"y":-59.669273376464847,"z":186.43124389648438},"rotation":{"x":-0.15692117810249329,"y":-0.054193489253520969,"z":0.008628573268651963,"w":-0.9861010313034058},"size":103.65597534179688,"orthographic":false}