{"cameraMode":{"drawMode":0,"name":"Shaded","section":"Shading Mode"},"sceneLighting":false,"audioPlay":false,"sceneViewState":{"showFog":true,"showMaterialUpdate":false,"showSkybox":false,"showFlares":true,"showImageEffects":true,"showParticleSystems":true},"in2DMode":false,"pivot":{"x":1.0137174129486085,"y":0.3448202610015869,"z":-0.2259507179260254},"rotation":{"x":-0.3069055676460266,"y":-0.2400471419095993,"z":0.08030226081609726,"w":-0.917478621006012},"size":1.7660253047943116,"orthographic":false}