{"cameraMode":{"drawMode":0,"name":"Shaded","section":"Shading Mode"},"sceneLighting":false,"audioPlay":false,"sceneViewState":{"showFog":true,"showMaterialUpdate":false,"showSkybox":false,"showFlares":true,"showImageEffects":true,"showParticleSystems":true},"in2DMode":false,"pivot":{"x":-3.0944535732269289,"y":0.42698541283607485,"z":0.5088964104652405},"rotation":{"x":0.1528143435716629,"y":-0.1773236095905304,"z":0.0282143522053957,"w":0.9719987511634827},"size":2.8972694873809816,"orthographic":false}